{"b\u00fdt": 0.02849740932642487, "du\u0161evn\u00ed": 0.006291635825314582, "vlastnictv\u00ed": 0.00999259807549963, "definice": 0.0029607698001480384, "ochrana": 0.0040710584752035525, "p\u0159edm\u011bt": 0.0022205773501110288, "technick\u00fd": 0.0051813471502590676, "\u0159e\u0161en\u00ed": 0.0029607698001480384, "zp\u016fsob": 0.0040710584752035525, "pomoc": 0.015544041450777202, "s": 0.03626943005181347, "registrac\u00ed": 0.012953367875647668, "vyn\u00e1lez": 0.006661732050333087, "p\u0159ihl\u00e1\u0161kou": 0.015544041450777202, "patentu": 0.007401924500370096, "u\u017eitn\u00e9ho": 0.0055514433752775726, "vzor": 0.01924500370096225, "pr\u016fmyslov\u00fd": 0.019615099925980754, "ochrann\u00fd": 0.05995558845299778, "zn\u00e1mka": 0.05699481865284974, "design": 0.0044411547002220575, "ozna\u010den\u00fd": 0.00999259807549963, "pomoci": 0.007031828275351592, "p\u0159ihla\u0161ov\u00e1n\u00edm": 0.0025906735751295338, "poskytnout": 0.0051813471502590676, "pomoct": 0.007401924500370096, "moci": 0.017394522575869726, "obr\u00e1tit": 0.011843079200592153, "pr\u00e1vo": 0.016654330125832718, "z": 0.009622501850481125, "znamenat": 0.0051813471502590676, "ud\u011blat": 0.0040710584752035525, "v": 0.015914137675795706, "p\u0159\u00edpad": 0.001850481125092524, "poru\u0161en\u00fd": 0.0029607698001480384, "spor": 0.0040710584752035525, "prosazovat": 0.005921539600296077, "sporech": 0.0029607698001480384, "postoupit": 0.003700962250185048, "p\u0159i": 0.01073279052553664, "poskytovat": 0.003700962250185048, "\u00fa\u0159ad": 0.003700962250185048, "vyhledat": 0.0025906735751295338, "lh\u016fta": 0.0029607698001480384, "podat": 0.0040710584752035525, "n\u00e1mitka": 0.02553663952627683, "z\u00e1pis": 0.013323464100666173, "rejst\u0159\u00edk": 0.0033308660251665434, "jak\u00fd": 0.01998519615099926, "lze": 0.0029607698001480384, "pod\u00e1vat": 0.007031828275351592, "\u0159\u00edzen\u00ed": 0.0025906735751295338, "nov\u00fd": 0.001850481125092524, "d\u016fkaz": 0.001850481125092524, "dopl\u0148ovat": 0.003700962250185048, "mo\u017en\u00fd": 0.0025906735751295338, "dostat": 0.0051813471502590676, ",": 0.0048112509252405625, "jm\u00e9no": 0.001850481125092524, "m\u00edstn\u00ed": 0.0025906735751295338, "dosah": 0.0025906735751295338, "p\u0159ipom\u00ednka": 0.006661732050333087, "k": 0.006661732050333087, "poplatek": 0.0055514433752775726, "spr\u00e1vn\u00fd": 0.003700962250185048, "v\u00fd\u0161": 0.0044411547002220575, "spr\u00e1vn\u00ed": 0.0044411547002220575, "poplatku": 0.0044411547002220575, "formul\u00e1\u0159": 0.007401924500370096, "naj\u00edt": 0.007401924500370096, "obsahovat": 0.0022205773501110288, "muset": 0.0025906735751295338, "zaregistrovan\u00e9": 0.001850481125092524, "a": 0.0029607698001480384, "knihovna": 0.003700962250185048, "informace": 0.01776461880088823, "patentov\u00e9": 0.001850481125092524, "dohledat": 0.001850481125092524, "existovat": 0.0022205773501110288, "re\u0161er\u0161e": 0.006291635825314582, "z\u00edskat": 0.012953367875647668, "re\u0161er\u0161i": 0.003700962250185048, "datab\u00e1ze": 0.007401924500370096, "o": 0.024796447076239823, "\u0159eknout": 0.0048112509252405625, "n\u00e1rodn\u00ed": 0.0029607698001480384, "aktu\u00e1ln\u00ed": 0.010362694300518135, "stav": 0.010362694300518135, "u\u017eitn\u00fdch": 0.0040710584752035525, "p\u016fvod": 0.001850481125092524, "zem\u011bpisn\u00fd": 0.001850481125092524, "pr\u00e1vn\u00ed": 0.007772020725388601, "ov\u011b\u0159it": 0.0025906735751295338, "v\u00fdhoda": 0.0022205773501110288, "pr\u016fmyslov\u011bpr\u00e1vn\u00ed": 0.0044411547002220575, "jako": 0.003700962250185048, "proveden\u00fd": 0.0022205773501110288, "obnova": 0.0025906735751295338, "prodlou\u017een\u00ed": 0.001850481125092524, "platnost": 0.003700962250185048, "\u017e\u00e1dost": 0.0044411547002220575, "registrace": 0.0044411547002220575, "p\u0159ihl\u00e1sit": 0.0025906735751295338, "zaregistrovat": 0.0022205773501110288, "v\u00fdrobek": 0.003700962250185048, "slu\u017eba": 0.003700962250185048, "uv\u00e9st": 0.001850481125092524, "vybrat": 0.0022205773501110288, "t\u0159\u00edda": 0.0022205773501110288, "TM": 0.0033308660251665434, "symbol": 0.0044411547002220575, "uv\u00e1d\u011bn\u00fd": 0.0022205773501110288, "Oce\u0148ov\u00e1n\u00ed": 0.0022205773501110288, "patent": 0.0022205773501110288, "prov\u00e1d\u011bt": 0.0044411547002220575, "oce\u0148ov\u00e1n\u00ed": 0.008882309400444115, "postup": 0.0025906735751295338, "p\u0159evod": 0.0055514433752775726, "forma": 0.0022205773501110288, "doklad": 0.0025906735751295338, "u": 0.001850481125092524, "\u017e\u00e1dat": 0.001850481125092524, "vlastn\u00edk": 0.0022205773501110288, "\u00a9": 0.0029607698001480384}