{"moci": 0.029263370332996974, "naj\u00edt": 0.011676517226466772, "informace": 0.012973908029407524, "o": 0.01917255297679112, "p\u0159ihla\u0161ov\u00e1n\u00ed": 0.0027389361395415888, "pr\u016fmyslov\u00fd": 0.02883090673201672, "pr\u00e1vo": 0.009225890154245351, "zahrani\u010d\u00ed": 0.003748017875162174, "?": 0.11215222718754504, "dozv\u011bd\u011bt": 0.0010090817356205853, "postup": 0.00360386334150209, "patent": 0.004324636009802508, "a": 0.009802508288885686, "ochrann\u00fd": 0.019460862044111286, "zn\u00e1mka": 0.019605016577771372, "\u00fa\u0159ad": 0.006631108548363846, "n\u011bjak\u00fd": 0.0030272452068617556, "t\u00fdkaj\u00edc\u00ed": 0.0017298544039210033, "str\u00e1nka": 0.0031713997405218393, "\u00fa\u0159ada": 0.01282975349574744, "pomoc": 0.0028830906732016724, "s": 0.004468790543462592, "jak\u00fd": 0.03704771515064149, "zdroj": 0.0010090817356205853, "poskytovat": 0.0017298544039210033, ",": 0.012685598962087357, "u\u017eitn\u00fdch": 0.00360386334150209, "vzor": 0.033011388208159145, "z\u00edskat": 0.0034597088078420065, "ozna\u010den\u00fd": 0.0031713997405218393, "p\u016fvod": 0.0014415453366008362, "obr\u00e1tit": 0.0008649272019605016, "v": 0.013262217096727692, "sv\u016fj": 0.0008649272019605016, "v\u0161echen": 0.0017298544039210033, "autorsk\u00fd": 0.001153236269280669, "dlouho": 0.0030272452068617556, "platit": 0.002162318004901254, "b\u00fdt": 0.051751477583970015, "nutn\u00fd": 0.0007207726683004181, "mo\u017en\u00fd": 0.006486954014703762, "\u010desk\u00fd": 0.0024506270722214215, "republika": 0.0020181634712411706, "podm\u00ednka": 0.0027389361395415888, "vyu\u017eit\u00fd": 0.0017298544039210033, "stan": 0.002162318004901254, "pokud": 0.0038921724088222575, "st\u00ed\u017enost": 0.0014415453366008362, "vlastnictv\u00ed": 0.007928499351304599, "osoba": 0.0010090817356205853, "podat": 0.012685598962087357, "p\u0159edm\u011bt": 0.0017298544039210033, "pod\u00e1vat": 0.007063572149344097, "existovat": 0.0031713997405218393, "pr\u00e1vn\u00ed": 0.0038921724088222575, "p\u0159edpis": 0.002306472538561338, "V\u011bstn\u00edku": 0.0015856998702609196, "V\u011bstn\u00edk": 0.0008649272019605016, "forma": 0.0007207726683004181, "rok": 0.0010090817356205853, "platn\u00fd": 0.0010090817356205853, "\u00fazem\u00ed": 0.0010090817356205853, "zapsan\u00fd": 0.0008649272019605016, "ochrana": 0.007063572149344097, "uv\u00e9st": 0.0007207726683004181, "poplatk\u016f": 0.0030272452068617556, "p\u0159i": 0.009081735620585268, "\u0159\u00edzen\u00ed": 0.0017298544039210033, "dostupn\u00fd": 0.0017298544039210033, "lze": 0.0063427994810436785, "mezin\u00e1rodn\u00ed": 0.0027389361395415888, "evropsk\u00fd": 0.002162318004901254, "unie": 0.0008649272019605016, "po\u017eadavek": 0.0008649272019605016, "p\u0159ihl\u00e1\u0161ka": 0.019028398443131037, "spr\u00e1vn\u00ed": 0.0014415453366008362, "poplatc\u00edch": 0.0017298544039210033, "prov\u00e1d\u011bn\u00fd": 0.001153236269280669, "re\u0161er\u0161\u00ed": 0.0012973908029407526, "zp\u016fsob": 0.0024506270722214215, "provoz": 0.0007207726683004181, "podatelna": 0.0008649272019605016, "p\u0159ij\u00edmat": 0.0007207726683004181, "dokument": 0.0015856998702609196, "poskytnout": 0.001874008937581087, "proces": 0.0027389361395415888, "odborn\u00fd": 0.001153236269280669, "zastoupen\u00fd": 0.0008649272019605016, "p\u0159ihl\u00e1\u0161ce": 0.001874008937581087, "advok\u00e1t": 0.0007207726683004181, "kancel\u00e1\u0159": 0.0008649272019605016, "spojen\u00fd": 0.0008649272019605016, "prov\u00e9st": 0.0015856998702609196, "re\u0161er\u0161e": 0.005333717745423094, "prodlou\u017een\u00ed": 0.0015856998702609196, "platnost": 0.004036326942482341, "patentu": 0.0067752630820239294, "udr\u017eovat": 0.0007207726683004181, "obnova": 0.001874008937581087, "poplatek": 0.005045408678102927, "pot\u0159eba": 0.0015856998702609196, "k": 0.005333717745423094, "\u017e\u00e1dost": 0.0031713997405218393, "n\u00e1le\u017eitost": 0.0008649272019605016, "Kdy": 0.0012973908029407526, "uhradit": 0.0007207726683004181, "dal\u0161\u00ed": 0.0008649272019605016, "mo\u017enost": 0.004180481476142425, "doba": 0.001874008937581087, "z\u00e1pis": 0.00518956321176301, "u\u017eitn\u00e9ho": 0.009802508288885686, "prodlu\u017eovat": 0.0010090817356205853, "p\u0159ihla\u0161ovatele": 0.001153236269280669, "majitel": 0.0014415453366008362, "poplatku": 0.0017298544039210033, "t\u0159et\u00ed": 0.0007207726683004181, "formul\u00e1\u0159": 0.0017298544039210033, "licence": 0.0012973908029407526, "kontext": 0.0007207726683004181, "vyu\u017e\u00edvat": 0.0008649272019605016, "vyn\u00e1lez": 0.005766181346403345, "znamenat": 0.002162318004901254, "n\u00e1klad": 0.0008649272019605016, "spisu": 0.0014415453366008362, "nahl\u00ed\u017een\u00ed": 0.0008649272019605016, "muset": 0.002306472538561338, "v\u00fdpis": 0.0008649272019605016, "z": 0.003748017875162174, "rejst\u0159\u00edk": 0.003748017875162174, "obsahovat": 0.0014415453366008362, "rozd\u00edl": 0.0012973908029407526, "u": 0.0024506270722214215, "spr\u00e1vn\u00fd": 0.0017298544039210033, "Pro\u010d": 0.0010090817356205853, "datov\u00fd": 0.0007207726683004181, "schr\u00e1nka": 0.0007207726683004181, "rozhodnut\u00ed": 0.0012973908029407526, "lh\u016fta": 0.0007207726683004181, "m\u00e1ma": 0.0007207726683004181, "poru\u0161en\u00fd": 0.0007207726683004181, "p\u0159\u00edpad": 0.0010090817356205853, "du\u0161evn\u00ed": 0.0007207726683004181, "spor": 0.0007207726683004181, "aby": 0.0007207726683004181, "d\u011blat": 0.0012973908029407526, "v\u00fdrobek": 0.0015856998702609196, "\"": 0.0012973908029407526, "slu\u017eba": 0.006198644947383595, "datab\u00e1ze": 0.005910335880063428, "re\u0161er\u0161i": 0.0020181634712411706, "nal\u00e9zt": 0.002162318004901254, "odkaz": 0.002306472538561338, "zahrani\u010dn\u00ed": 0.002594781605881505, "pot\u0159ebovat": 0.0007207726683004181, "objedn\u00e1vat": 0.0007207726683004181, "re\u0161er\u0161n\u00ed": 0.003748017875162174, "st\u00e1t": 0.001874008937581087, "sleva": 0.0012973908029407526, "elektronick\u00e9m": 0.0008649272019605016, "dispozice": 0.0010090817356205853, "trvat": 0.0017298544039210033, "zpracovat": 0.002306472538561338, "objednat": 0.0010090817356205853, "p\u0159ihl\u00e1sit": 0.001874008937581087, "nab\u00edzet": 0.0008649272019605016, "d\u00e1t": 0.0007207726683004181, "druh": 0.001153236269280669, "elektronick\u00e9": 0.0017298544039210033, "elektronicky": 0.0008649272019605016, "zaru\u010den\u00fd": 0.0010090817356205853, "elektronick\u00e9ho": 0.0012973908029407526, "podpis": 0.0010090817356205853, "prob\u00edhat": 0.0010090817356205853, "pr\u016fzkum": 0.0010090817356205853, "zve\u0159ejnit": 0.0014415453366008362, "n\u00e1mitka": 0.0014415453366008362, "zru\u0161en\u00fd": 0.0014415453366008362, "n\u00e1vrh": 0.001874008937581087, "patentovat": 0.0007207726683004181, "patenty": 0.0007207726683004181, "produkt": 0.001153236269280669, "ov\u011b\u0159en\u00ed": 0.0010090817356205853, "novost": 0.0010090817356205853, "re\u0161er\u0161n\u00edch": 0.0015856998702609196, "objedn\u00e1vka": 0.0017298544039210033, "ud\u011blit": 0.0007207726683004181, "symbol": 0.0017298544039210033, "patentov\u00e9": 0.001153236269280669, "patentem": 0.0010090817356205853, "u\u017eitn\u00fdm": 0.0014415453366008362, "uchr\u00e1nit": 0.0007207726683004181, "u\u017eitn\u00fd": 0.001153236269280669, "internet": 0.0012973908029407526, "variabiln\u00ed": 0.0015856998702609196, "platbu": 0.001153236269280669, "n\u00e1rodn\u00ed": 0.0007207726683004181, "vyu\u017e\u00edt": 0.0008649272019605016, "proveden\u00fd": 0.001153236269280669, "syst\u00e9m": 0.001874008937581087, "p\u0159ednost": 0.0007207726683004181, "online": 0.0010090817356205853, "technick\u00fd": 0.0038921724088222575, "v\u00fdmaz": 0.002162318004901254, "\u0159e\u0161en\u00ed": 0.003315554274181923, "zem\u011bpisn\u00fd": 0.001153236269280669, "volno": 0.0010090817356205853, "t\u0159\u00edd\u00edc\u00ed": 0.001153236269280669}