{"str\u00e1nka": 0.00407108239095315, "\u00fa\u0159ada": 0.012536348949919224, "naleznout": 0.004523424878836834, "informace": 0.010210016155088854, "t\u00fdkaj\u00edc\u00ed": 0.0009693053311793214, "p\u0159ihla\u0161ov\u00e1n\u00ed": 0.0015508885298869143, "zahrani\u010d\u00ed": 0.0020678513731825525, ",": 0.03883683360258482, "a": 0.01725363489499192, "v": 0.01615508885298869, "r\u00e1mec": 0.0005815831987075929, "sekce": 0.0005815831987075929, "jednotliv\u00fd": 0.0009693053311793214, "pr\u016fmyslov\u00fd": 0.0217124394184168, "pr\u00e1vo": 0.007431340872374798, "tj": 0.0009046849757673668, "": 0.03508885298869144, "u\u017eitn\u00fdm": 0.0012924071082390954, "vzor": 0.025460420032310176, "ochrann\u00fd": 0.013505654281098546, "zn\u00e1mka": 0.013764135702746365, "ozna\u010den\u00ed": 0.0004523424878836834, "p\u016fvod": 0.0009046849757673668, "zem\u011bpisn\u00fd": 0.0007108239095315024, "autorsk\u00fd": 0.0007754442649434572, "chr\u00e1nit": 0.0005169628432956381, "v\u00fdsledek": 0.0003877221324717286, "\u010dinnost": 0.0004523424878836834, "nap\u0159\u00edklad": 0.0012924071082390954, "oblast": 0.00032310177705977385, "i": 0.0032310177705977385, "takzvan\u00fd": 0.0005169628432956381, "s": 0.0040064620355411956, "tak\u00e9": 0.0010339256865912762, "dal\u0161\u00ed": 0.0014862681744749597, "vznikat": 0.0005169628432956381, "d\u00edlo": 0.00032310177705977385, "platit": 0.0020678513731825525, "cel\u00fd": 0.0007108239095315024, "rok": 0.0031663974151857834, "b\u00fdt": 0.04381260096930533, "mo\u017en\u00fd": 0.006332794830371567, "\u010di": 0.003037156704361874, "pouze": 0.0014862681744749597, "pot\u0159eba": 0.0007754442649434572, "\u010desk\u00fd": 0.004975767366720517, "republika": 0.001680129240710824, "st\u00ed\u017enost": 0.000840064620355412, "podat": 0.011890145395799677, "osoba": 0.0018739903069466882, "pokud": 0.0031663974151857834, "p\u0159edm\u011bt": 0.0028432956381260095, "n\u011bjak\u00fd": 0.0015508885298869143, "jen\u017e": 0.0005169628432956381, "zejm\u00e9na": 0.0005169628432956381, "takov\u00fd": 0.0005815831987075929, "podle": 0.0005169628432956381, "pr\u00e1vn\u00ed": 0.003295638126009693, "p\u0159edpis": 0.0015508885298869143, "jin\u00fd": 0.000840064620355412, "n\u00e1zev": 0.0005815831987075929, "v\u010detn\u011b": 0.001098546042003231, "k": 0.006009693053311793, "vlastnictv\u00ed": 0.006009693053311793, "zde": 0.0040064620355411956, "\u00fa\u0159ad": 0.006203554119547657, "V\u011bstn\u00edk": 0.0006462035541195477, "vyd\u00e1v\u00e1n": 0.0003877221324717286, "elektronick\u00e9": 0.00135702746365105, "podoba": 0.0004523424878836834, "V\u011bstn\u00edku": 0.001098546042003231, "zve\u0159ej\u0148ov\u00e1ny": 0.00032310177705977385, "o": 0.019579967689822293, "p\u0159ihl\u00e1\u0161k\u00e1ch": 0.000840064620355412, "poskytnut\u00fd": 0.00032310177705977385, "patentech": 0.0003877221324717286, "zapsan\u00fd": 0.0016155088852988692, "u\u017eitn\u00fdch": 0.0025201938610662357, "platn\u00fd": 0.0007754442649434572, "\u00fazem\u00ed": 0.0012277867528271405, "sv\u016fj": 0.0009693053311793214, "uv\u00e1d\u011bt": 0.0004523424878836834, "n\u00e1rodn\u00ed": 0.0009046849757673668, "mezin\u00e1rodn\u00ed": 0.0023909531502423263, "ochrana": 0.007237479806138934, "\u00farove\u0148": 0.0003877221324717286, "evropsk\u00fd": 0.0020678513731825525, "unie": 0.001098546042003231, "d\u016fle\u017eit\u00fd": 0.0007754442649434572, "t\u00fdkat": 0.00032310177705977385, "poplatk\u016f": 0.0017447495961227786, "p\u0159i": 0.005169628432956382, "\u0159\u00edzen\u00ed": 0.002132471728594507, "z\u00e1kladn\u00ed": 0.0005815831987075929, "v\u0161eobecn\u00fd": 0.0003877221324717286, "institut": 0.0003877221324717286, "form\u00e1ln\u00ed": 0.0005815831987075929, "po\u017eadavek": 0.0007754442649434572, "p\u0159ihl\u00e1\u0161ka": 0.014733441033925687, "tento": 0.001680129240710824, "spr\u00e1vn\u00ed": 0.0014216478190630048, "poplatc\u00edch": 0.00135702746365105, "prov\u00e1d\u011bn\u00fd": 0.000840064620355412, "re\u0161er\u0161\u00ed": 0.0009046849757673668, "moci": 0.01841680129240711, "kontaktovat": 0.00032310177705977385, "informa\u010dn\u00ed": 0.0004523424878836834, "st\u0159edisko": 0.00032310177705977385, "rovn\u011b\u017e": 0.0009046849757673668, "provoz": 0.0007754442649434572, "podatelna": 0.0018093699515347335, "podm\u00ednka": 0.0029725363489499193, "p\u0159ij\u00edmat": 0.0007754442649434572, "dokument": 0.0011631663974151858, "pomoc": 0.0019386106623586429, "p\u0159\u00edpadn\u011b": 0.00135702746365105, "odborn\u00fd": 0.00135702746365105, "zastoupen\u00fd": 0.0010339256865912762, "nal\u00e9zt": 0.002261712439418417, "p\u0159ihla\u0161ovatel\u00e9": 0.0005169628432956381, "u": 0.004394184168012924, "patentov\u00fdch": 0.001680129240710824, "z\u00e1stupce": 0.0015508885298869143, "advok\u00e1tn\u00edch": 0.0007108239095315024, "kancel\u00e1\u0159": 0.0010339256865912762, "zastupov\u00e1n\u00ed": 0.0009046849757673668, "webov\u00fd": 0.0012277867528271405, "komora": 0.0014216478190630048, "advok\u00e1t": 0.0010339256865912762, "poskytovat": 0.0009693053311793214, "patent": 0.0031663974151857834, "ud\u011blit": 0.0015508885298869143, "zpoplatn\u011bno": 0.0009046849757673668, "udr\u017eovat": 0.0007754442649434572, "patentu": 0.006462035541195477, "platnost": 0.003941841680129241, "vyzvat": 0.0004523424878836834, "majitel": 0.0017447495961227786, "zaplacen\u00fd": 0.0005169628432956381, "prvn\u00ed": 0.00032310177705977385, "udr\u017eovac\u00edho": 0.0005815831987075929, "poplatku": 0.001680129240710824, "doba": 0.0031017770597738287, "poplatek": 0.005751211631663974, "obdob\u00ed": 0.0005815831987075929, "\u017e\u00e1dost": 0.004135702746365105, "uhradit": 0.001098546042003231, "spr\u00e1vn\u00fd": 0.0029725363489499193, "v\u00fd\u0161": 0.0007108239095315024, "dan\u00fd": 0.0003877221324717286, "jako": 0.0011631663974151858, "variabiln\u00ed": 0.001098546042003231, "symbol": 0.0012277867528271405, "\u010d\u00edsnout": 0.0003877221324717286, "z\u00e1pis": 0.005945072697899839, "u\u017eitn\u00e9ho": 0.006720516962843296, "lze": 0.006332794830371567, "prodlu\u017eovat": 0.0007108239095315024, "3": 0.0005169628432956381, "a\u017e": 0.0005815831987075929, "celkov\u00fd": 0.0003877221324717286, "10": 0.000840064620355412, "datum": 0.0011631663974151858, "prodlou\u017een\u00ed": 0.0012277867528271405, "stanoven\u00fd": 0.0004523424878836834, "lh\u016fta": 0.0012277867528271405, "pod\u00e1vat": 0.006655896607431341, "obnova": 0.001680129240710824, "/": 0.00032310177705977385, "p\u0159\u00edslu\u0161n\u00fd": 0.0003877221324717286, "z\u00e1klad": 0.0015508885298869143, "z\u00e1konn\u00fd": 0.000840064620355412, "t\u00e9\u017e": 0.0004523424878836834, "p\u0159evod": 0.0003877221324717286, "p\u0159ihla\u0161ovatele": 0.0010339256865912762, "formul\u00e1\u0159": 0.0029725363489499193, "s\u00edt": 0.0005815831987075929, "koruna": 0.002197092084006462, "nutn\u00fd": 0.0005815831987075929, "dotaz": 0.0003877221324717286, "nabyt\u00ed": 0.0003877221324717286, "z\u00e1kon": 0.0005815831987075929, "rozhodnut\u00ed": 0.0012924071082390954, "t\u0159et\u00ed": 0.000840064620355412, "rejst\u0159\u00edk": 0.003554119547657512, "licence": 0.001098546042003231, "vyu\u017e\u00edt": 0.001098546042003231, "vyn\u00e1lez": 0.005105008077544427, "ozna\u010den\u00fd": 0.0025201938610662357, "obvykle": 0.0007108239095315024, "strana": 0.0006462035541195477, "pln\u00fd": 0.00032310177705977385, "p\u0159ihla\u0161ovat": 0.0005815831987075929, "poskytnout": 0.0010339256865912762, "vyu\u017eit\u00fd": 0.00135702746365105, "ka\u017ed\u00fd": 0.0014862681744749597, "nab\u00eddka": 0.0004523424878836834, "p\u00edsemn\u011b": 0.000840064620355412, "p\u0159ihla\u0161ovateli": 0.0006462035541195477, "prohl\u00e1\u0161en\u00fd": 0.0007108239095315024, "spisu": 0.0009046849757673668, "z\u00e1stupkyn\u011b": 0.0003877221324717286, "muset": 0.0020032310177705978, "z\u00e1jem": 0.0005169628432956381, "znamenat": 0.00135702746365105, "prok\u00e1zat": 0.0005169628432956381,